{"cameraMode":{"drawMode":0,"name":"Shaded","section":"Shading Mode"},"sceneLighting":true,"audioPlay":false,"sceneViewState":{"showFog":true,"showMaterialUpdate":true,"showSkybox":true,"showFlares":true,"showImageEffects":true,"showParticleSystems":true},"in2DMode":false,"pivot":{"x":-1.2396559715270997,"y":0.7824792861938477,"z":7.148122310638428},"rotation":{"x":0.29785284399986269,"y":0.6290766000747681,"z":-0.28292450308799746,"w":0.6600161194801331},"size":7.986598968505859,"orthographic":false}